1,1100,1,札幌市,1952356,1121.26,921837
1,1202,2,函館市,265979,677.86,123950
1,1203,2,小樽市,121924,243.83,55466
1,1204,2,旭川市,339605,747.66,155747
1,1205,2,室蘭市,88564,80.88,43616
1,1206,2,釧路市,174742,1362.92,82078
1,1207,2,帯広市,169327,619.34,77707
1,1208,2,北見市,121226,1427.41,56202
1,1209,2,夕張市,8843,763.07,4539
1,1210,2,岩見沢市,84499,481.02,36155
1,1211,2,網走市,39077,471.00,18035
1,1212,2,留萌市,22221,297.83,10402
1,1213,2,苫小牧市,172737,561.57,78298
1,1214,2,稚内市,36380,761.47,16486
1,1215,2,美唄市,23035,277.69,10173
1,1216,2,芦別市,14676,865.04,6862
1,1217,2,江別市,120636,187.38,51983
1,1218,2,赤平市,11105,129.88,4980
1,1219,2,紋別市,23109,830.78,11127
1,1220,2,士別市,19914,1119.22,8650
1,1221,2,名寄市,29048,535.20,13086
1,1222,2,三笠市,9076,302.52,4254
1,1223,2,根室市,26917,506.25,11383
1,1224,2,千歳市,95648,594.50,40638
1,1225,2,滝川市,41192,115.90,18651
1,1226,2,砂川市,17694,78.68,7858
1,1227,2,歌志内市,3585,55.95,1665
1,1228,2,深川市,21909,529.42,9669
1,1229,2,富良野市,22936,600.71,9929
1,1230,2,登別市,49625,212.21,21681
1,1231,2,恵庭市,69702,294.65,28846
1,1233,2,伊達市,34995,444.21,15054
1,1234,2,北広島市,59064,119.05,23551
1,1235,2,石狩市,57436,722.42,22632
1,1236,2,北斗市,46390,397.44,18508
1,1303,3,当別町,17278,422.86,7327
1,1304,3,新篠津村,3329,78.04,1070
1,1331,3,松前町,7337,293.25,3571
1,1332,3,福島町,4422,187.28,2039
1,1333,3,知内町,4653,196.75,2003
1,1334,3,木古内町,4547,221.87,2140
1,1337,3,七飯町,28120,216.75,11141
1,1343,3,鹿部町,4226,110.64,1660
1,1345,3,森町,15946,368.79,6628
1,1346,3,八雲町,17252,956.07,7523
1,1347,3,長万部町,5926,310.76,2685
1,1361,3,江差町,8248,109.53,3752
1,1362,3,上ノ国町,4876,547.71,2173
1,1363,3,厚沢部町,4049,460.58,1765
1,1364,3,乙部町,3906,162.59,1729
1,1367,3,奥尻町,2690,142.97,1270
1,1370,3,今金町,5628,568.25,2280
1,1371,3,せたな町,8473,638.69,3862
1,1391,3,島牧村,1499,437.18,661
1,1392,3,寿都町,3137,95.24,1420
1,1393,3,黒松内町,3082,345.65,1336
1,1394,3,蘭越町,4843,449.78,2086
1,1395,3,ニセコ町,4958,197.13,2274
1,1396,3,真狩村,2103,114.25,855
1,1397,3,留寿都村,1907,119.84,915
1,1398,3,喜茂別町,2294,189.41,1123
1,1399,3,京極町,3187,231.49,1281
1,1400,3,倶知安町,15018,261.34,6974
1,1401,3,共和町,6224,304.91,2854
1,1402,3,岩内町,13042,70.60,6228
1,1403,3,泊村,1771,82.28,886
1,1404,3,神恵内村,1004,147.80,434
1,1405,3,積丹町,2115,238.14,994
1,1406,3,古平町,3188,188.36,1446
1,1407,3,仁木町,3498,167.96,1480
1,1408,3,余市町,19607,140.59,8769
1,1409,3,赤井川村,1121,280.09,534
1,1423,3,南幌町,7927,81.36,2973
1,1424,3,奈井江町,5674,88.19,2466
1,1425,3,上砂川町,3479,39.98,1744
1,1427,3,由仁町,5314,133.74,2149
1,1428,3,長沼町,11076,168.52,4257
1,1429,3,栗山町,12344,203.93,5186
1,1430,3,月形町,4577,150.40,1466
1,1431,3,浦臼町,1985,101.83,850
1,1432,3,新十津川町,6831,495.47,2570
1,1433,3,妹背牛町,3091,48.64,1269
1,1434,3,秩父別町,2513,47.18,1017
1,1436,3,雨竜町,2749,191.15,1005
1,1437,3,北竜町,1981,158.70,782
1,1438,3,沼田町,3181,283.35,1333
1,1452,3,鷹栖町,7018,139.42,2717
1,1453,3,東神楽町,10233,68.50,3657
1,1454,3,当麻町,6689,204.90,2698
1,1455,3,比布町,3777,86.90,1586
1,1456,3,愛別町,2976,250.13,1305
1,1457,3,上川町,4044,1049.47,2102
1,1458,3,東川町,8111,247.30,3148
1,1459,3,美瑛町,10292,676.78,4288
1,1460,3,上富良野町,10826,237.10,4363
1,1461,3,中富良野町,5069,108.65,2025
1,1462,3,南富良野町,2555,665.54,1132
1,1463,3,占冠村,1211,571.41,704
1,1464,3,和寒町,3596,225.11,1533
1,1465,3,剣淵町,3228,130.99,1330
1,1468,3,下川町,3547,644.20,1674
1,1469,3,美深町,4659,672.09,2041
1,1470,3,音威子府村,832,275.63,405
1,1471,3,中川町,1767,594.74,897
1,1472,3,幌加内町,1525,767.04,690
1,1481,3,増毛町,4497,369.71,2051
1,1482,3,小平町,3336,627.22,1406
1,1483,3,苫前町,3265,454.60,1420
1,1484,3,羽幌町,7327,472.65,3367
1,1485,3,初山別村,1217,279.51,537
1,1486,3,遠別町,2806,590.80,1225
1,1487,3,天塩町,3243,353.56,1502
1,1511,3,猿払村,2684,589.97,1174
1,1512,3,浜頓別町,3881,401.64,1845
1,1513,3,中頓別町,1757,398.51,775
1,1514,3,枝幸町,8437,1115.93,3772
1,1516,3,豊富町,4054,520.69,1782
1,1517,3,礼文町,2773,81.64,1353
1,1518,3,利尻町,2303,76.51,1154
1,1519,3,利尻富士町,2787,105.61,1264
1,1520,3,幌延町,2447,574.10,1138
1,1543,3,美幌町,20296,438.41,8626
1,1544,3,津別町,5008,716.80,2231
1,1545,3,斜里町,12231,737.12,5547
1,1546,3,清里町,4221,402.76,1671
1,1547,3,小清水町,5085,286.89,2033
1,1549,3,訓子府町,5100,190.95,1910
1,1550,3,置戸町,3092,527.27,1304
1,1552,3,佐呂間町,5362,404.94,2311
1,1555,3,遠軽町,20873,1332.45,9278
1,1559,3,湧別町,9231,505.79,3861
1,1560,3,滝上町,2721,766.89,1295
1,1561,3,興部町,3909,362.54,1757
1,1562,3,西興部村,1116,308.08,501
1,1563,3,雄武町,4525,636.86,2062
1,1564,3,大空町,7360,343.66,2874
1,1571,3,豊浦町,4291,233.57,1973
1,1575,3,壮瞥町,2922,205.01,1168
1,1578,3,白老町,17740,425.64,7955
1,1581,3,厚真町,4838,404.61,2126
1,1584,3,洞爺湖町,9299,180.81,4240
1,1585,3,安平町,8148,237.16,3651
1,1586,3,むかわ町,8596,711.36,3784
1,1601,3,日高町,12378,992.11,5781
1,1602,3,平取町,5315,743.09,2373
1,1604,3,新冠町,5592,585.81,2405
1,1607,3,浦河町,13075,694.26,6178
1,1608,3,様似町,4518,364.30,2044
1,1609,3,えりも町,4906,284.00,1929
1,1610,3,新ひだか町,23231,1147.55,10443
1,1631,3,音更町,44807,466.02,18019
1,1632,3,士幌町,6132,259.19,2479
1,1633,3,上士幌町,4765,694.23,2177
1,1634,3,鹿追町,5542,402.88,2258
1,1635,3,新得町,6288,1063.83,3043
1,1636,3,清水町,9599,402.25,4131
1,1637,3,芽室町,18484,513.76,7169
1,1638,3,中札内村,3966,292.58,1609
1,1639,3,更別村,3185,176.90,1239
1,1641,3,大樹町,5738,815.68,2534
1,1642,3,広尾町,7030,596.54,3157
1,1643,3,幕別町,26760,477.64,10944
1,1644,3,池田町,6882,371.79,3044
1,1645,3,豊頃町,3182,536.71,1362
1,1646,3,本別町,7358,391.91,3260
1,1647,3,足寄町,6990,1408.04,3179
1,1648,3,陸別町,2482,608.90,1128
1,1649,3,浦幌町,4919,729.85,2086
1,1661,3,釧路町,19833,252.66,8119
1,1662,3,厚岸町,9778,739.26,4115
1,1663,3,浜中町,6061,423.63,2325
1,1664,3,標茶町,7742,1099.37,3281
1,1665,3,弟子屈町,7758,774.33,3509
1,1667,3,鶴居村,2534,571.80,1026
1,1668,3,白糠町,8068,773.53,3609
1,1691,3,別海町,15273,1319.63,5997
1,1692,3,中標津町,23774,684.87,10437
1,1693,3,標津町,5242,624.68,2169
1,1694,3,羅臼町,5415,397.72,2101
2,2201,2,青森市,287648,824.61,118234
2,2202,2,弘前市,177411,524.20,71152
2,2203,2,八戸市,231257,305.54,93750
2,2204,2,黒石市,34284,217.05,11770
2,2205,2,五所川原市,55181,404.18,21143
2,2206,2,十和田市,63429,725.65,25487
2,2207,2,三沢市,40196,119.87,16367
2,2208,2,むつ市,58493,864.16,24475
2,2209,2,つがる市,33316,253.55,10984
2,2210,2,平川市,32106,346.01,10129
2,2301,3,平内町,11142,217.09,3971
2,2303,3,今別町,2756,125.27,1277
2,2304,3,蓬田村,2896,80.84,959
2,2307,3,外ヶ浜町,6198,230.29,2577
2,2321,3,鰺ヶ沢町,10126,343.08,3851
2,2323,3,深浦町,8429,488.89,3304
2,2343,3,西目屋村,1415,246.02,488
2,2361,3,藤崎町,15179,37.29,4942
2,2362,3,大鰐町,9676,163.43,3421
2,2367,3,田舎館村,7783,22.35,2382
2,2381,3,板柳町,13935,41.88,4680
2,2384,3,鶴田町,13392,46.43,4384
2,2387,3,中泊町,11187,216.32,4118
2,2401,3,野辺地町,13524,81.68,5565
2,2402,3,七戸町,15709,337.23,5572
2,2405,3,六戸町,10423,83.89,3570
2,2406,3,横浜町,4535,126.38,1785
2,2408,3,東北町,17955,326.50,5974
2,2411,3,六ヶ所村,10536,252.68,4683
2,2412,3,おいらせ町,24222,71.96,8658
2,2423,3,大間町,5227,52.10,2152
2,2424,3,東通村,6607,295.27,2578
2,2425,3,風間浦村,1976,69.55,823
2,2426,3,佐井村,2148,135.04,906
2,2441,3,三戸町,10135,151.79,3756
2,2442,3,五戸町,17433,177.67,6123
2,2443,3,田子町,5554,241.98,2006
2,2445,3,南部町,18312,153.12,6419
2,2446,3,階上町,14025,94.01,5699
2,2450,3,新郷村,2509,150.77,831
3,3201,2,盛岡市,297631,886.47,129718
3,3202,2,宮古市,56676,1259.15,23387
3,3203,2,大船渡市,38058,322.50,14807
3,3205,2,花巻市,97702,908.39,33799
3,3206,2,北上市,93511,437.55,35861
3,3207,2,久慈市,35642,623.50,14256
3,3208,2,遠野市,28062,825.97,9973
3,3209,2,一関市,121583,1256.42,43046
3,3210,2,陸前高田市,19758,231.94,7487
3,3211,2,釜石市,36802,440.34,16860
3,3213,2,二戸市,27611,420.42,10670
3,3214,2,八幡平市,26355,862.30,9429
3,3215,2,奥州市,119422,993.30,41726
3,3216,2,滝沢市,55463,182.46,20787
3,3301,3,雫石町,16981,608.82,5508
3,3302,3,葛巻町,6344,434.96,2460
3,3303,3,岩手町,13692,360.46,4927
3,3321,3,紫波町,32614,238.98,10808
3,3322,3,矢巾町,27678,67.32,9902
3,3366,3,西和賀町,5880,590.74,2146
3,3381,3,金ケ崎町,15895,179.76,5556
3,3402,3,平泉町,7868,63.39,2478
3,3441,3,住田町,5720,334.84,2117
3,3461,3,大槌町,11759,200.42,4927
3,3482,3,山田町,15826,262.81,6218
3,3483,3,岩泉町,9841,992.36,4174
3,3484,3,田野畑村,3466,156.19,1292
3,3485,3,普代村,2795,69.66,1103
3,3501,3,軽米町,9333,245.82,3318
3,3503,3,野田村,4149,80.80,1516
3,3506,3,九戸村,5865,134.02,1990
3,3507,3,洋野町,16693,302.92,5959
3,3524,3,一戸町,12919,300.03,4844
4,4100,1,仙台市,1082159,786.30,498953
4,4202,2,石巻市,147214,554.58,56819
4,4203,2,塩竈市,54187,17.37,20519
4,4205,2,気仙沼市,64988,332.44,24152
4,4206,2,白石市,35272,286.48,12585
4,4207,2,名取市,76668,98.17,27529
4,4208,2,角田市,30180,147.53,10398
4,4209,2,多賀城市,62096,19.69,24097
4,4211,2,岩沼市,44678,60.45,16631
4,4212,2,登米市,81959,536.12,26196
4,4213,2,栗原市,69906,804.97,23133
4,4214,2,東松島市,39503,101.36,13868
4,4215,2,大崎市,133391,796.76,48307
4,4301,3,蔵王町,12316,152.83,3923
4,4302,3,七ヶ宿町,1461,263.09,567
4,4321,3,大河原町,23798,24.99,9099
4,4322,3,村田町,11501,78.38,3764
4,4323,3,柴田町,39525,54.03,15121
4,4324,3,川崎町,9167,270.77,2880
4,4341,3,丸森町,13972,273.30,4547
4,4361,3,亘理町,33589,73.60,11334
4,4362,3,山元町,12315,64.58,4429
4,4401,3,松島町,14421,53.56,5112
4,4404,3,七ヶ浜町,18652,13.19,6167
4,4406,3,利府町,35835,44.89,12191
4,4421,3,大和町,28244,225.49,10177
4,4422,3,大郷町,8370,82.01,2421
4,4423,3,富谷町,51591,49.18,17494
4,4424,3,大衡村,5703,60.32,1755
4,4444,3,色麻町,7238,109.28,1974
4,4445,3,加美町,23743,460.67,7564
4,4501,3,涌谷町,16701,82.16,5476
4,4505,3,美里町,24852,74.95,8343
4,4581,3,女川町,6334,65.35,3154
4,4606,3,南三陸町,12370,163.40,4041
5,5201,2,秋田市,315814,906.09,135318
5,5202,2,能代市,54730,426.95,22371
5,5203,2,横手市,92197,692.80,31463
5,5204,2,大館市,74175,913.22,28242
5,5206,2,男鹿市,28375,241.09,11147
5,5207,2,湯沢市,46613,790.91,16384
5,5209,2,鹿角市,32038,707.52,11508
5,5210,2,由利本荘市,79927,1209.60,28349
5,5211,2,潟上市,33083,97.73,12023
5,5212,2,大仙市,82783,866.77,28198
5,5213,2,北秋田市,33224,1152.76,12222
5,5214,2,にかほ市,25324,241.13,8804
5,5215,2,仙北市,27523,1093.56,9594
5,5303,3,小坂町,5339,201.70,2168
5,5327,3,上小阿仁村,2381,256.72,918
5,5346,3,藤里町,3359,282.13,1215
5,5348,3,三種町,17078,247.98,6010
5,5349,3,八峰町,7309,234.14,2706
5,5361,3,五城目町,9463,214.92,3573
5,5363,3,八郎潟町,6080,17.00,2220
5,5366,3,井川町,4986,47.95,1563
5,5368,3,大潟村,3110,170.11,796
5,5434,3,美郷町,20279,168.34,6152
5,5463,3,羽後町,15319,230.78,4807
5,5464,3,東成瀬村,2610,203.69,809
6,6201,2,山形市,253832,381.30,100303
6,6202,2,米沢市,85953,548.51,32997
6,6203,2,鶴岡市,129652,1311.53,45339
6,6204,2,酒田市,106244,602.97,39320
6,6205,2,新庄市,36894,222.85,12961
6,6206,2,寒河江市,41256,139.03,13086
6,6207,2,上山市,31569,240.93,10694
6,6208,2,村山市,24684,196.98,7713
6,6209,2,長井市,27757,214.67,9109
6,6210,2,天童市,62194,113.01,21428
6,6211,2,東根市,47768,206.94,15473
6,6212,2,尾花沢市,16953,372.53,5109
6,6213,2,南陽市,32285,160.52,10705
6,6301,3,山辺町,14369,61.45,4440
6,6302,3,中山町,11363,31.15,3427
6,6321,3,河北町,18952,52.45,5865
6,6322,3,西川町,5636,393.19,1785
6,6323,3,朝日町,7119,196.81,2242
6,6324,3,大江町,8472,154.08,2632
6,6341,3,大石田町,7357,79.54,2143
6,6361,3,金山町,5829,161.67,1643
6,6362,3,最上町,8902,330.37,2665
6,6363,3,舟形町,5631,119.04,1621
6,6364,3,真室川町,8137,374.22,2478
6,6365,3,大蔵村,3412,211.63,1016
6,6366,3,鮭川村,4317,122.14,1224
6,6367,3,戸沢村,4773,261.31,1390
6,6381,3,高畠町,23882,180.26,7218
6,6382,3,川西町,15751,166.60,4553
6,6401,3,小国町,7868,737.56,2845
6,6402,3,白鷹町,14175,157.71,4405
6,6403,3,飯豊町,7304,329.41,2198
6,6426,3,三川町,7728,33.22,2223
6,6428,3,庄内町,21666,249.17,6637
6,6461,3,遊佐町,14207,208.39,4509
7,7201,2,福島市,294247,767.72,122269
7,7202,2,会津若松市,124062,382.97,49431
7,7203,2,郡山市,335444,757.20,138310
7,7204,2,いわき市,350237,1232.02,141069
7,7205,2,白河市,61913,305.32,23004
7,7207,2,須賀川市,77441,279.43,26345
7,7208,2,喜多方市,49377,554.63,16752
7,7209,2,相馬市,38556,197.79,15209
7,7210,2,二本松市,58162,344.42,19810
7,7211,2,田村市,38503,458.33,12734
7,7212,2,南相馬市,57797,398.58,25944
7,7213,2,伊達市,62400,265.12,21624
7,7214,2,本宮市,30924,88.02,10049
7,7301,3,桑折町,12271,42.97,4276
7,7303,3,国見町,9512,37.95,3291
7,7308,3,川俣町,14452,127.70,5515
7,7322,3,大玉村,8679,79.44,2619
7,7342,3,鏡石町,12486,31.30,4205
7,7344,3,天栄村,5611,225.52,1638
7,7362,3,下郷町,5800,317.04,2002
7,7364,3,檜枝岐村,615,390.46,257
7,7367,3,只見町,4470,747.56,1762
7,7368,3,南会津町,16264,886.47,6246
7,7402,3,北塩原村,2831,234.08,1008
7,7405,3,西会津町,6582,298.18,2531
7,7407,3,磐梯町,3579,59.77,1117
7,7408,3,猪苗代町,15037,394.85,4939
7,7421,3,会津坂下町,16303,91.59,5391
7,7422,3,湯川村,3206,16.37,906
7,7423,3,柳津町,3536,175.82,1207
7,7444,3,三島町,1668,90.81,674
7,7445,3,金山町,2189,293.92,956
7,7446,3,昭和村,1322,209.46,616
7,7447,3,会津美里町,20913,276.33,6710
7,7461,3,西郷村,20322,192.06,7458
7,7464,3,泉崎村,6495,35.43,2059
7,7465,3,中島村,5001,18.92,1395
7,7466,3,矢吹町,17370,60.40,5846
7,7481,3,棚倉町,14295,159.93,4753
7,7482,3,矢祭町,5950,118.27,1921
7,7483,3,塙町,9157,211.41,3043
7,7484,3,鮫川村,3577,131.34,1064
7,7501,3,石川町,15880,115.71,5244
7,7502,3,玉川村,6777,46.67,1974
7,7503,3,平田村,6505,93.42,1989
7,7504,3,浅川町,6577,37.43,2055
7,7505,3,古殿町,5373,163.29,1661
7,7521,3,三春町,18304,72.76,6230
7,7522,3,小野町,10475,125.18,3425
7,7541,3,広野町,4319,58.69,2435
7,7542,3,楢葉町,975,103.64,839
7,7543,3,富岡町,0,68.39,0
7,7544,3,川内村,2021,197.35,1082
7,7545,3,大熊町,0,78.71,0
7,7546,3,双葉町,0,51.42,0
7,7547,3,浪江町,0,223.14,0
7,7548,3,葛尾村,18,84.37,9
7,7561,3,新地町,8218,46.53,2699
7,7564,3,飯舘村,41,230.13,1
8,8201,2,水戸市,270783,217.32,117590
8,8202,2,日立市,185054,225.74,78625
8,8203,2,土浦市,140804,122.89,57257
8,8204,2,古河市,140946,123.58,52571
8,8205,2,石岡市,76020,215.53,27288
8,8207,2,結城市,51594,65.76,18267
8,8208,2,龍ケ崎市,78342,78.55,30472
8,8210,2,下妻市,43293,80.88,15036
8,8211,2,常総市,61483,123.64,20600
8,8212,2,常陸太田市,52294,371.99,19436
8,8214,2,高萩市,29638,193.58,11751
8,8215,2,北茨城市,44412,186.80,16871
8,8216,2,笠間市,76739,240.40,28202
8,8217,2,取手市,106570,69.94,43477
8,8219,2,牛久市,84317,58.92,33223
8,8220,2,つくば市,226963,283.72,98190
8,8221,2,ひたちなか市,155689,99.93,61104
8,8222,2,鹿嶋市,67879,106.02,27450
8,8223,2,潮来市,29111,71.40,10547
8,8224,2,守谷市,64753,35.71,24867
8,8225,2,常陸大宮市,42587,348.45,16005
8,8226,2,那珂市,54276,97.82,20025
8,8227,2,筑西市,104573,205.30,35683
8,8228,2,坂東市,54087,123.03,17327
8,8229,2,稲敷市,42810,205.81,14453
8,8230,2,かすみがうら市,42147,156.60,15142
8,8231,2,桜川市,42632,180.06,13585
8,8232,2,神栖市,94522,146.94,37221
8,8233,2,行方市,34909,222.48,11115
8,8234,2,鉾田市,48147,207.61,17430
8,8235,2,つくばみらい市,49136,79.16,18137
8,8236,2,小美玉市,50911,144.74,17491
8,8302,3,茨城町,32921,121.58,11356
8,8309,3,大洗町,16886,23.74,6661
8,8310,3,城里町,19800,161.80,7066
8,8341,3,東海村,37713,37.98,14494
8,8364,3,大子町,18053,325.76,6733
8,8442,3,美浦村,15842,66.61,5958
8,8443,3,阿見町,47535,71.40,18801
8,8447,3,河内町,9168,44.30,2950
8,8521,3,八千代町,22021,58.99,6799
8,8542,3,五霞町,8786,23.11,2894
8,8546,3,境町,24517,46.59,8061
8,8564,3,利根町,16313,24.90,6138
9,9201,2,宇都宮市,518594,416.85,217419
9,9202,2,足利市,149452,177.76,60186
9,9203,2,栃木市,159211,331.50,57838
9,9204,2,佐野市,118919,356.04,46390
9,9205,2,鹿沼市,98374,490.64,35079
9,9206,2,日光市,83386,1449.83,32658
9,9208,2,小山市,166760,171.76,65792
9,9209,2,真岡市,79539,167.34,27949
9,9210,2,大田原市,75457,354.36,28753
9,9211,2,矢板市,33354,170.46,12342
9,9213,2,那須塩原市,117146,592.74,45608
9,9214,2,さくら市,44901,125.63,15648
9,9215,2,那須烏山市,27047,174.35,9439
9,9216,2,下野市,59431,74.59,21394
9,9301,3,上三川町,31046,54.39,10777
9,9342,3,益子町,23281,89.40,7787
9,9343,3,茂木町,13188,172.69,4572
9,9344,3,市貝町,11720,64.25,4109
9,9345,3,芳賀町,15189,70.16,4957
9,9361,3,壬生町,39951,61.06,15258
9,9364,3,野木町,25292,30.26,9530
9,9384,3,塩谷町,11495,176.06,3696
9,9386,3,高根沢町,29639,70.87,11521
9,9407,3,那須町,24919,372.34,8564
9,9411,3,那珂川町,16964,192.78,5831
10,10201,2,前橋市,336154,311.59,136900
10,10202,2,高崎市,370884,459.16,150180
10,10203,2,桐生市,114714,274.45,46034
10,10204,2,伊勢崎市,208814,139.44,80110
10,10205,2,太田市,219807,175.54,86267
10,10206,2,沼田市,48676,443.46,19178
10,10207,2,館林市,76667,60.97,30219
10,10208,2,渋川市,78391,240.27,28812
10,10209,2,藤岡市,65708,180.29,24569
10,10210,2,富岡市,49746,122.85,18255
10,10211,2,安中市,58531,276.31,22381
10,10212,2,みどり市,50906,208.42,18867
10,10344,3,榛東村,14329,27.92,4887
10,10345,3,吉岡町,21080,20.46,7289
10,10366,3,上野村,1230,181.85,578
10,10367,3,神流町,1954,114.60,903
10,10382,3,下仁田町,7564,188.38,3040
10,10383,3,南牧村,1979,118.83,953
10,10384,3,甘楽町,13200,58.61,4539
10,10421,3,中之条町,16850,439.28,6529
10,10424,3,長野原町,5536,133.85,2322
10,10425,3,嬬恋村,9780,337.58,3664
10,10426,3,草津町,6518,49.75,3275
10,10428,3,高山村,3674,64.18,1167
10,10429,3,東吾妻町,14033,253.91,5235
10,10443,3,片品村,4390,391.76,1554
10,10444,3,川場村,3647,85.25,980
10,10448,3,昭和村,7347,64.14,2476
10,10449,3,みなかみ町,19347,781.08,7594
10,10464,3,玉村町,36654,25.78,14337
10,10521,3,板倉町,15015,41.86,5365
10,10522,3,明和町,11044,19.64,3914
10,10523,3,千代田町,11318,21.73,3981
10,10524,3,大泉町,41202,18.03,18070
10,10525,3,邑楽町,26426,31.11,9528
11,11100,1,さいたま市,1263979,217.43,533209
11,11201,2,川越市,350745,109.13,145715
11,11202,2,熊谷市,198742,159.82,77004
11,11203,2,川口市,578112,61.95,245830
11,11206,2,行田市,82113,67.49,31015
11,11207,2,秩父市,63555,577.83,24038
11,11208,2,所沢市,340386,72.11,145834
11,11209,2,飯能市,80715,193.05,31749
11,11210,2,加須市,112229,133.30,41034
11,11211,2,本庄市,77881,89.69,31004
11,11212,2,東松山市,91437,65.35,37224
11,11214,2,春日部市,232709,66.00,94463
11,11215,2,狭山市,152405,48.99,62028
11,11216,2,羽生市,54874,58.64,20366
11,11217,2,鴻巣市,118072,67.44,45043
11,11218,2,深谷市,143811,138.37,53384
11,11219,2,上尾市,225196,45.51,91399
11,11221,2,草加市,247034,27.46,105827
11,11222,2,越谷市,337498,60.24,136460
11,11223,2,蕨市,72260,5.11,34174
11,11224,2,戸田市,136150,18.19,59432
11,11225,2,入間市,148390,44.69,59004
11,11227,2,朝霞市,136299,18.34,59515
11,11228,2,志木市,72676,9.05,30607
11,11229,2,和光市,80826,11.04,36898
11,11230,2,新座市,162122,22.78,67250
11,11231,2,桶川市,73936,25.35,28685
11,11232,2,久喜市,152311,82.41,59082
11,11233,2,北本市,67409,19.82,26845
11,11234,2,八潮市,86717,18.02,35763
11,11235,2,富士見市,108102,19.77,47169
11,11237,2,三郷市,136521,30.13,55288
11,11238,2,蓮田市,62380,27.28,24543
11,11239,2,坂戸市,101679,41.02,42883
11,11240,2,幸手市,52524,33.93,20568
11,11241,2,鶴ヶ島市,70255,17.65,28658
11,11242,2,日高市,56520,47.48,22145
11,11243,2,吉川市,69738,31.66,25716
11,11245,2,ふじみ野市,110970,14.64,45806
11,11246,2,白岡市,51535,24.92,19183
11,11301,3,伊奈町,44442,14.79,16701
11,11324,3,三芳町,38456,15.33,14328
11,11326,3,毛呂山町,37275,34.07,15566
11,11327,3,越生町,11716,40.39,4527
11,11341,3,滑川町,18212,29.68,6785
11,11342,3,嵐山町,18341,29.92,6968
11,11343,3,小川町,31178,60.36,12007
11,11346,3,川島町,20788,41.63,7238
11,11347,3,吉見町,19631,38.64,6834
11,11348,3,鳩山町,14338,25.73,5309
11,11349,3,ときがわ町,11492,55.90,4199
11,11361,3,横瀬町,8519,49.36,3074
11,11362,3,皆野町,10133,63.74,3662
11,11363,3,長瀞町,7324,30.43,2648
11,11365,3,小鹿野町,12117,171.26,4363
11,11369,3,東秩父村,2915,37.06,1028
11,11381,3,美里町,11207,33.41,3612
11,11383,3,神川町,13730,47.40,5033
11,11385,3,上里町,30565,29.18,11225
11,11408,3,寄居町,34081,64.25,12934
11,11442,3,宮代町,33705,15.95,13728
11,11464,3,杉戸町,45495,30.03,17348
11,11465,3,松伏町,30061,16.20,10702
12,12100,1,千葉市,971882,271.76,417857
12,12202,2,銚子市,64415,84.19,26234
12,12203,2,市川市,481732,57.45,228845
12,12204,2,船橋市,622890,85.62,272432
12,12205,2,館山市,47464,110.15,20146
12,12206,2,木更津市,134141,138.95,54920
12,12207,2,松戸市,483480,61.38,215627
12,12208,2,野田市,153583,103.55,59712
12,12210,2,茂原市,89688,99.92,36026
12,12211,2,成田市,131190,213.84,55462
12,12212,2,佐倉市,172739,103.69,68696
12,12213,2,東金市,60652,89.12,25114
12,12215,2,旭市,66586,130.45,23350
12,12216,2,習志野市,167909,20.97,72350
12,12217,2,柏市,413954,114.74,175691
12,12218,2,勝浦市,19248,93.96,8965
12,12219,2,市原市,274656,368.17,113518
12,12220,2,流山市,174373,35.32,70802
12,12221,2,八千代市,193152,51.39,78358
12,12222,2,我孫子市,131606,43.15,54089
12,12223,2,鴨川市,33932,191.14,14453
12,12224,2,鎌ケ谷市,108917,21.08,44101
12,12225,2,君津市,86033,318.81,34447
12,12226,2,富津市,45601,205.53,17634
12,12227,2,浦安市,164024,17.30,74229
12,12228,2,四街道市,89245,34.52,35014
12,12229,2,袖ケ浦市,60952,94.93,22652
12,12230,2,八街市,70734,74.94,27074
12,12231,2,印西市,92670,123.79,32590
12,12232,2,白井市,61674,35.48,22725
12,12233,2,富里市,49636,53.88,20057
12,12234,2,南房総市,39033,230.14,15061
12,12235,2,匝瑳市,37261,101.52,12712
12,12236,2,香取市,77499,262.35,27294
12,12237,2,山武市,52222,146.77,19454
12,12238,2,いすみ市,38594,157.44,14849
12,12239,2,大網白里市,49184,58.08,18849
12,12322,3,酒々井町,20955,19.01,8970
12,12329,3,栄町,21228,32.51,8185
12,12342,3,神崎町,6133,19.90,2207
12,12347,3,多古町,14724,72.80,5053
12,12349,3,東庄町,14152,46.25,4562
12,12403,3,九十九里町,16510,24.45,6411
12,12409,3,芝山町,7431,43.24,2453
12,12410,3,横芝光町,23762,67.01,8433
12,12421,3,一宮町,11767,22.97,4485
12,12422,3,睦沢町,7222,35.59,2434
12,12423,3,長生村,14359,28.29,5178
12,12424,3,白子町,11149,27.50,4164
12,12426,3,長柄町,7337,47.11,2591
12,12427,3,長南町,8206,65.51,2789
12,12441,3,大多喜町,9843,129.87,3447
12,12443,3,御宿町,7315,24.86,3054
12,12463,3,鋸南町,8022,45.19,3327
13,13100,1,特別区部,9272740,626.70,4801194
13,13201,2,八王子市,577513,186.38,253356
13,13202,2,立川市,176295,24.36,83285
13,13203,2,武蔵野市,144730,10.98,74022
13,13204,2,三鷹市,186936,16.42,90226
13,13205,2,青梅市,137381,103.31,54371
13,13206,2,府中市,260274,29.43,119569
13,13207,2,昭島市,111539,17.34,48258
13,13208,2,調布市,229061,21.58,110581
13,13209,2,町田市,432348,71.80,186711
13,13210,2,小金井市,121396,11.30,59796
13,13211,2,小平市,190005,20.51,82888
13,13212,2,日野市,186283,27.55,84928
13,13213,2,東村山市,149956,17.14,64604
13,13214,2,国分寺市,122742,11.46,59130
13,13215,2,国立市,73655,8.15,34062
13,13218,2,福生市,58395,10.16,27260
13,13219,2,狛江市,80249,6.39,39458
13,13220,2,東大和市,85157,13.42,35555
13,13221,2,清瀬市,74864,10.23,32369
13,13222,2,東久留米市,116632,12.88,49902
13,13223,2,武蔵村山市,71229,15.32,28300
13,13224,2,多摩市,146631,21.01,65461
13,13225,2,稲城市,87636,17.97,36533
13,13227,2,羽村市,55833,9.90,23451
13,13228,2,あきる野市,80954,73.47,30817
13,13229,2,西東京市,200012,15.75,89734
13,13303,3,瑞穂町,33445,16.85,13192
13,13305,3,日の出町,17446,28.07,5800
13,13307,3,檜原村,2209,105.41,839
13,13308,3,奥多摩町,5234,225.53,2045
13,13361,3,大島町,7884,90.76,3947
13,13362,3,利島村,337,4.12,194
13,13363,3,新島村,2749,27.54,1261
13,13364,3,神津島村,1891,18.58,791
13,13381,3,三宅村,2482,55.27,1483
13,13382,3,御蔵島村,335,20.54,194
13,13401,3,八丈町,7613,72.23,3913
13,13402,3,青ヶ島村,178,5.96,125
13,13421,3,小笠原村,3022,104.35,1517
14,14100,1,横浜市,3724844,437.49,1645618
14,14130,1,川崎市,1475213,143.00,691837
14,14150,1,相模原市,720780,328.66,311188
14,14201,2,横須賀市,406586,100.83,165746
14,14203,2,平塚市,258227,67.82,107397
14,14204,2,鎌倉市,173019,39.67,73035
14,14205,2,藤沢市,423894,69.57,180170
14,14206,2,小田原市,194086,113.81,79120
14,14207,2,茅ヶ崎市,239348,35.70,97951
14,14208,2,逗子市,57425,17.28,24103
14,14210,2,三浦市,45289,32.05,17567
14,14211,2,秦野市,167378,103.76,69778
14,14212,2,厚木市,225714,93.84,95824
14,14213,2,大和市,232922,27.09,102020
14,14214,2,伊勢原市,101514,55.56,43088
14,14215,2,海老名市,130190,26.59,53416
14,14216,2,座間市,128737,17.57,55910
14,14217,2,南足柄市,43306,77.12,16245
14,14218,2,綾瀬市,84460,22.14,33356
14,14301,3,葉山町,32096,17.04,12580
14,14321,3,寒川町,47936,13.34,18744
14,14341,3,大磯町,31550,17.18,12279
14,14342,3,二宮町,28378,9.08,11183
14,14361,3,中井町,9679,19.99,3359
14,14362,3,大井町,17033,14.38,6178
14,14363,3,松田町,11171,37.75,4406
14,14364,3,山北町,10724,224.61,3903
14,14366,3,開成町,17013,6.55,6169
14,14382,3,箱根町,11786,92.86,6088
14,14383,3,真鶴町,7333,7.04,3068
14,14384,3,湯河原町,25026,40.97,10763
14,14401,3,愛川町,40343,34.28,16067
14,14402,3,清川村,3214,71.24,1122
15,15100,1,新潟市,810157,726.45,321511
15,15202,2,長岡市,275133,891.06,100143
15,15204,2,三条市,99192,431.97,33201
15,15205,2,柏崎市,86833,442.03,33560
15,15206,2,新発田市,98611,533.10,34186
15,15208,2,小千谷市,36498,155.19,12165
15,15209,2,加茂市,27852,133.72,9634
15,15210,2,十日町市,54917,590.39,18598
15,15211,2,見附市,40608,77.91,13702
15,15212,2,村上市,62442,1174.26,22138
15,15213,2,燕市,79784,110.96,27537
15,15216,2,糸魚川市,44162,746.24,16699
15,15217,2,妙高市,33199,445.63,11562
15,15218,2,五泉市,51404,351.91,16945
15,15222,2,上越市,196987,973.81,71015
15,15223,2,阿賀野市,43415,192.74,13390
15,15224,2,佐渡市,57255,855.61,22401
15,15225,2,魚沼市,37352,946.76,12833
15,15226,2,南魚沼市,58568,584.55,19426
15,15227,2,胎内市,30198,264.89,10056
15,15307,3,聖籠町,14040,37.58,4262
15,15342,3,弥彦村,8209,25.17,2584
15,15361,3,田上町,12188,31.71,4028
15,15385,3,阿賀町,11680,952.89,4482
15,15405,3,出雲崎町,4528,44.38,1608
15,15461,3,湯沢町,8046,357.29,3455
15,15482,3,津南町,10029,170.21,3328
15,15504,3,刈羽村,4775,26.27,1682
15,15581,3,関川村,5832,299.61,1846
15,15586,3,粟島浦村,370,9.78,173
16,16201,2,富山市,418686,1241.77,163862
16,16202,2,高岡市,172125,209.57,63814
16,16204,2,魚津市,42935,200.61,15855
16,16205,2,氷見市,47992,230.56,16096
16,16206,2,滑川市,32755,54.63,11699
16,16207,2,黒部市,40991,426.31,14793
16,16208,2,砺波市,49000,127.03,16220
16,16209,2,小矢部市,30399,134.07,9517
16,16210,2,南砺市,51327,668.64,16594
16,16211,2,射水市,92308,109.43,32115
16,16321,3,舟橋村,2982,3.47,910
16,16322,3,上市町,20930,236.71,7395
16,16323,3,立山町,26317,307.29,9159
16,16342,3,入善町,25335,71.25,8628
16,16343,3,朝日町,12246,226.30,4514
17,17201,2,金沢市,465699,468.64,199572
17,17202,2,七尾市,55325,318.32,20855
17,17203,2,小松市,106919,371.05,38166
17,17204,2,輪島市,27216,426.32,10649
17,17205,2,珠洲市,14625,247.20,5861
17,17206,2,加賀市,67186,305.87,24841
17,17207,2,羽咋市,21729,81.85,8066
17,17209,2,かほく市,34219,64.44,11604
17,17210,2,白山市,109287,754.93,38439
17,17211,2,能美市,48881,84.14,17352
17,17212,2,野々市市,55099,13.56,24759
17,17324,3,川北町,6347,14.64,1853
17,17361,3,津幡町,36968,110.59,12545
17,17365,3,内灘町,26987,20.33,10446
17,17384,3,志賀町,20422,246.76,7493
17,17386,3,宝達志水町,13174,111.52,4447
17,17407,3,中能登町,17571,89.45,6055
17,17461,3,穴水町,8786,183.21,3461
17,17463,3,能登町,17568,273.27,6904
18,18201,2,福井市,265904,536.41,99872
18,18202,2,敦賀市,66165,251.39,26545
18,18204,2,小浜市,29670,233.09,11220
18,18205,2,大野市,33109,872.43,10698
18,18206,2,勝山市,24125,253.88,7703
18,18207,2,鯖江市,68284,84.59,22335
18,18208,2,あわら市,28729,116.98,9697
18,18209,2,越前市,81524,230.70,27889
18,18210,2,坂井市,90280,209.67,29454
18,18322,3,永平寺町,19883,94.43,7276
18,18382,3,池田町,2638,194.65,902
18,18404,3,南越前町,10799,343.69,3353
18,18423,3,越前町,21538,153.15,6560
18,18442,3,美浜町,9914,152.35,3899
18,18481,3,高浜町,10596,72.40,4191
18,18483,3,おおい町,8325,212.19,3222
18,18501,3,若狭町,15257,178.49,4871
19,19201,2,甲府市,193125,212.47,85057
19,19202,2,富士吉田市,49003,121.74,18091
19,19204,2,都留市,32002,161.63,13465
19,19205,2,山梨市,35141,289.80,12961
19,19206,2,大月市,25419,280.25,9804
19,19207,2,韮崎市,30680,143.69,11673
19,19208,2,南アルプス市,70828,264.14,25135
19,19209,2,北杜市,45111,602.48,18408
19,19210,2,甲斐市,74386,71.95,29463
19,19211,2,笛吹市,69559,201.92,26268
19,19212,2,上野原市,24805,170.57,9661
19,19213,2,甲州市,31671,264.11,11389
19,19214,2,中央市,31124,31.69,12789
19,19346,3,市川三郷町,15673,75.18,5885
19,19364,3,早川町,1068,369.96,573
19,19365,3,身延町,12669,301.98,5211
19,19366,3,南部町,8067,200.87,3006
19,19368,3,富士川町,15294,112.00,5673
19,19384,3,昭和町,19505,9.08,8223
19,19422,3,道志村,1743,79.68,591
19,19423,3,西桂町,4342,15.22,1478
19,19424,3,忍野村,8968,25.05,3034
19,19425,3,山中湖村,5208,53.05,1855
19,19429,3,鳴沢村,2921,89.58,1036
19,19430,3,富士河口湖町,25329,158.40,9616
19,19442,3,小菅村,726,52.78,337
19,19443,3,丹波山村,563,101.30,294
20,20201,2,長野市,377598,834.81,150414
20,20202,2,松本市,243293,978.47,100173
20,20203,2,上田市,156827,552.04,62696
20,20204,2,岡谷市,50128,85.10,19100
20,20205,2,飯田市,101581,658.66,37694
20,20206,2,諏訪市,50140,109.17,20401
20,20207,2,須坂市,50725,149.67,18447
20,20208,2,小諸市,42512,98.55,16662
20,20209,2,伊那市,68271,667.93,26231
20,20210,2,駒ヶ根市,32759,165.86,12437
20,20211,2,中野市,43909,112.18,15296
20,20212,2,大町市,28041,565.15,10826
20,20213,2,飯山市,21438,202.43,7423
20,20214,2,茅野市,55912,266.59,22301
20,20215,2,塩尻市,67135,289.98,26350
20,20217,2,佐久市,99368,423.51,38487
20,20218,2,千曲市,60298,119.79,21573
20,20219,2,東御市,30107,112.37,11004
20,20220,2,安曇野市,95282,331.78,34732
20,20303,3,小海町,4713,114.20,1873
20,20304,3,川上村,4607,209.61,1205
20,20305,3,南牧村,3408,133.09,1036
20,20306,3,南相木村,1005,66.05,428
20,20307,3,北相木村,774,56.32,333
20,20309,3,佐久穂町,11186,188.15,4014
20,20321,3,軽井沢町,18994,156.03,8247
20,20323,3,御代田町,15184,58.79,6118
20,20324,3,立科町,7265,66.87,2682
20,20349,3,青木村,4343,57.10,1556
20,20350,3,長和町,6166,183.86,2416
20,20361,3,下諏訪町,20236,66.87,7946
20,20362,3,富士見町,14493,144.76,5396
20,20363,3,原村,7566,43.26,2673
20,20382,3,辰野町,19770,169.20,7343
20,20383,3,箕輪町,25241,85.91,9240
20,20384,3,飯島町,9530,86.96,3325
20,20385,3,南箕輪村,15063,40.99,5839
20,20386,3,中川村,4850,77.05,1584
20,20388,3,宮田村,8821,54.50,3122
20,20402,3,松川町,13167,72.79,4355
20,20403,3,高森町,13080,45.36,4247
20,20404,3,阿南町,4962,123.07,1737
20,20407,3,阿智村,6538,214.43,2188
20,20409,3,平谷村,484,77.37,211
20,20410,3,根羽村,970,89.97,416
20,20411,3,下條村,3851,38.12,1159
20,20412,3,売木村,575,43.43,270
20,20413,3,天龍村,1365,109.44,651
20,20414,3,泰阜村,1702,64.59,639
20,20415,3,喬木村,6310,66.61,2029
20,20416,3,豊丘村,6592,76.79,2054
20,20417,3,大鹿村,1023,248.28,475
20,20422,3,上松町,4670,168.42,1864
20,20423,3,南木曽町,4313,215.93,1713
20,20425,3,木祖村,2926,140.50,1045
20,20429,3,王滝村,839,310.82,398
20,20430,3,大桑村,3825,234.47,1522
20,20432,3,木曽町,11826,476.03,4942
20,20446,3,麻績村,2788,34.38,1001
20,20448,3,生坂村,1843,39.05,698
20,20450,3,山形村,8395,24.98,2725
20,20451,3,朝日村,4462,70.62,1412
20,20452,3,筑北村,4730,99.47,1780
20,20481,3,池田町,9926,40.16,3518
20,20482,3,松川村,9948,47.07,3497
20,20485,3,白馬村,8929,189.36,3477
20,20486,3,小谷村,2904,267.91,1195
20,20521,3,坂城町,14871,53.64,5473
20,20541,3,小布施町,10702,19.12,3528
20,20543,3,高山村,7033,98.56,2291
20,20561,3,山ノ内町,12429,265.90,4465
20,20562,3,木島平村,4658,99.32,1564
20,20563,3,野沢温泉村,3479,57.96,1159
20,20583,3,信濃町,8469,149.30,3157
20,20588,3,小川村,2665,58.11,1086
20,20590,3,飯綱町,11063,75.00,3769
20,20602,3,栄村,1953,271.66,775
21,21201,2,岐阜市,406735,203.60,165443
21,21202,2,大垣市,159879,206.57,60085
21,21203,2,高山市,89182,2177.61,32670
21,21204,2,多治見市,110441,91.25,41446
21,21205,2,関市,89153,472.33,32827
21,21206,2,中津川市,78883,676.45,28438
21,21207,2,美濃市,20760,117.01,7508
21,21208,2,瑞浪市,38730,174.86,13904
21,21209,2,羽島市,67337,53.66,23948
21,21210,2,恵那市,51073,504.24,18106
21,21211,2,美濃加茂市,55384,74.81,20501
21,21212,2,土岐市,57827,116.02,21039
21,21213,2,各務原市,144690,87.81,53470
21,21214,2,可児市,98695,87.57,37171
21,21215,2,山県市,27114,221.98,9640
21,21216,2,瑞穂市,54354,28.19,21011
21,21217,2,飛騨市,24696,792.53,8509
21,21218,2,本巣市,33995,374.65,11346
21,21219,2,郡上市,42090,1030.75,14610
21,21220,2,下呂市,33585,851.21,12140
21,21221,2,海津市,35206,112.03,11513
21,21302,3,岐南町,24622,7.91,9560
21,21303,3,笠松町,22750,10.30,8191
21,21341,3,養老町,29029,72.29,9378
21,21361,3,垂井町,27556,57.09,9374
21,21362,3,関ケ原町,7419,49.28,2625
21,21381,3,神戸町,19282,18.78,6572
21,21382,3,輪之内町,9973,22.33,3138
21,21383,3,安八町,14752,18.16,4713
21,21401,3,揖斐川町,21503,803.44,7269
21,21403,3,大野町,23453,34.20,7366
21,21404,3,池田町,24347,38.80,7897
21,21421,3,北方町,18169,5.18,7139
21,21501,3,坂祝町,8202,12.87,3111
21,21502,3,富加町,5564,16.82,1834
21,21503,3,川辺町,10197,41.16,3561
21,21504,3,七宗町,3876,90.47,1381
21,21505,3,八百津町,11027,128.79,3892
21,21506,3,白川町,8392,237.90,3002
21,21507,3,東白川村,2261,87.09,817
21,21521,3,御嵩町,18111,56.69,6514
21,21604,3,白川村,1609,356.64,553
22,22100,1,静岡市,704989,1411.90,286013
22,22130,1,浜松市,797980,1558.06,309227
22,22203,2,沼津市,195633,186.96,80798
22,22205,2,熱海市,37544,61.78,18846
22,22206,2,三島市,110046,62.02,45218
22,22207,2,富士宮市,130770,389.08,49004
22,22208,2,伊東市,68345,124.10,30478
22,22209,2,島田市,98112,315.70,34310
22,22210,2,富士市,248399,244.95,92581
22,22211,2,磐田市,167210,163.45,61346
22,22212,2,焼津市,139462,70.31,50648
22,22213,2,掛川市,114602,265.69,41050
22,22214,2,藤枝市,143605,194.06,52315
22,22215,2,御殿場市,88078,194.90,31610
22,22216,2,袋井市,85789,108.33,31453
22,22219,2,下田市,22916,104.38,10397
22,22220,2,裾野市,52737,138.12,20792
22,22221,2,湖西市,59789,86.56,22546
22,22222,2,伊豆市,31317,363.97,12158
22,22223,2,御前崎市,32578,65.56,11345
22,22224,2,菊川市,46763,94.19,16095
22,22225,2,伊豆の国市,48152,94.62,18677
22,22226,2,牧之原市,45547,111.69,15416
22,22301,3,東伊豆町,12624,77.81,5620
22,22302,3,河津町,7303,100.69,2919
22,22304,3,南伊豆町,8524,109.94,3435
22,22305,3,松崎町,6837,85.19,2832
22,22306,3,西伊豆町,8234,105.54,3673
22,22325,3,函南町,37661,65.16,14317
22,22341,3,清水町,32118,8.81,12363
22,22342,3,長泉町,42331,26.63,16427
22,22344,3,小山町,19497,135.74,6431
22,22424,3,吉田町,29093,20.73,10244
22,22429,3,川根本町,7192,496.88,2883
22,22461,3,森町,18528,133.91,6133
23,23100,1,名古屋市,2295638,326.45,1058497
23,23201,2,豊橋市,374765,261.86,144222
23,23202,2,岡崎市,381051,387.20,147418
23,23203,2,一宮市,380868,113.82,142480
23,23204,2,瀬戸市,129046,111.40,50327
23,23205,2,半田市,116908,47.42,46281
23,23206,2,春日井市,306508,92.78,124291
23,23207,2,豊川市,182436,161.14,67976
23,23208,2,津島市,63431,25.09,23833
23,23209,2,碧南市,71346,36.68,26477
23,23210,2,刈谷市,149765,50.39,62476
23,23211,2,豊田市,422542,918.32,169598
23,23212,2,安城市,184140,86.05,70862
23,23213,2,西尾市,167990,161.22,58951
23,23214,2,蒲郡市,81100,56.95,29950
23,23215,2,犬山市,74308,74.90,28269
23,23216,2,常滑市,56547,55.89,22506
23,23217,2,江南市,98359,30.20,37130
23,23219,2,小牧市,149462,62.81,59383
23,23220,2,稲沢市,136867,79.35,49986
23,23221,2,新城市,47133,499.23,16454
23,23222,2,東海市,111944,43.43,46371
23,23223,2,大府市,89157,33.66,35669
23,23224,2,知多市,84617,45.90,33009
23,23225,2,知立市,70501,16.31,29312
23,23226,2,尾張旭市,80787,21.03,31806
23,23227,2,高浜市,46236,13.11,17684
23,23228,2,岩倉市,47562,10.47,20390
23,23229,2,豊明市,69127,23.22,27504
23,23230,2,日進市,87977,34.91,34210
23,23231,2,田原市,62364,191.12,21640
23,23232,2,愛西市,63088,66.70,21131
23,23233,2,清須市,67327,17.35,27056
23,23234,2,北名古屋市,84133,18.37,33742
23,23235,2,弥富市,43269,49.00,16050
23,23236,2,みよし市,61810,32.19,22552
23,23237,2,あま市,86898,27.49,33190
23,23238,2,長久手市,57598,21.55,25069
23,23302,3,東郷町,42858,18.03,15766
23,23342,3,豊山町,15177,6.18,6181
23,23361,3,大口町,23274,13.61,8316
23,23362,3,扶桑町,33806,11.19,12679
23,23424,3,大治町,30990,6.59,12105
23,23425,3,蟹江町,37085,11.09,14971
23,23427,3,飛島村,4397,22.42,1259
23,23441,3,阿久比町,27747,23.80,9627
23,23442,3,東浦町,49230,31.14,18524
23,23445,3,南知多町,18707,38.37,6981
23,23446,3,美浜町,23575,46.20,9314
23,23447,3,武豊町,42473,25.92,16724
23,23501,3,幸田町,39549,56.72,13693
23,23561,3,設楽町,5074,273.94,2015
23,23562,3,東栄町,3446,123.38,1436
23,23563,3,豊根村,1135,155.88,490
24,24201,2,津市,279886,711.11,114679
24,24202,2,四日市市,311031,206.44,128309
24,24203,2,伊勢市,127817,208.35,50938
24,24204,2,松阪市,163863,623.66,63948
24,24205,2,桑名市,140303,136.68,53741
24,24207,2,鈴鹿市,196403,194.46,77725
24,24208,2,名張市,78795,129.77,30595
24,24209,2,尾鷲市,18009,192.71,8660
24,24210,2,亀山市,50254,191.04,19945
24,24211,2,鳥羽市,19448,107.34,7730
24,24212,2,熊野市,17322,373.35,8151
24,24214,2,いなべ市,45815,219.83,17106
24,24215,2,志摩市,50341,178.94,20057
24,24216,2,伊賀市,90581,558.23,33651
24,24303,3,木曽岬町,6357,15.74,2174
24,24324,3,東員町,25344,22.68,8863
24,24341,3,菰野町,40210,107.01,14423
24,24343,3,朝日町,10560,5.99,3852
24,24344,3,川越町,14752,8.73,6023
24,24441,3,多気町,14878,103.06,5160
24,24442,3,明和町,22586,41.04,7697
24,24443,3,大台町,9557,362.86,3778
24,24461,3,玉城町,15431,40.91,5260
24,24470,3,度会町,8309,134.98,2626
24,24471,3,大紀町,8939,233.32,3691
24,24472,3,南伊勢町,12788,241.89,5432
24,24543,3,紀北町,16338,256.53,7269
24,24561,3,御浜町,8741,88.13,3862
24,24562,3,紀宝町,11207,79.62,4947
25,25201,2,大津市,340973,464.51,136153
25,25202,2,彦根市,113679,196.87,45546
25,25203,2,長浜市,118193,681.02,41788
25,25204,2,近江八幡市,81312,177.45,29784
25,25206,2,草津市,137247,67.82,60224
25,25207,2,守山市,79859,55.74,29052
25,25208,2,栗東市,66749,52.69,24592
25,25209,2,甲賀市,90901,481.62,32366
25,25210,2,野洲市,49889,80.14,18143
25,25211,2,湖南市,54289,70.40,21286
25,25212,2,高島市,50025,693.05,18149
25,25213,2,東近江市,114180,388.37,40691
25,25214,2,米原市,38719,250.39,13236
25,25383,3,日野町,21873,117.60,7728
25,25384,3,竜王町,12434,44.55,4266
25,25425,3,愛荘町,20778,37.97,7209
25,25441,3,豊郷町,7422,7.80,2606
25,25442,3,甲良町,7039,13.63,2310
25,25443,3,多賀町,7355,135.77,2421
26,26100,1,京都市,1475183,827.83,705874
26,26201,2,福知山市,78935,552.54,32170
26,26202,2,舞鶴市,83990,342.12,34709
26,26203,2,綾部市,33821,347.10,13766
26,26204,2,宇治市,184678,67.54,73317
26,26205,2,宮津市,18426,172.74,7738
26,26206,2,亀岡市,89479,224.80,33915
26,26207,2,城陽市,76869,32.71,29884
26,26208,2,向日市,53380,7.72,21356
26,26209,2,長岡京市,80090,19.17,32491
26,26210,2,八幡市,72664,24.35,29259
26,26211,2,京田辺市,70835,42.92,29693
26,26212,2,京丹後市,55054,501.43,20469
26,26213,2,南丹市,33145,616.40,12783
26,26214,2,木津川市,72840,85.13,26656
26,26303,3,大山崎町,15181,5.97,5993
26,26322,3,久御山町,15805,13.86,6216
26,26343,3,井手町,7910,18.04,3059
26,26344,3,宇治田原町,9319,58.16,3232
26,26364,3,笠置町,1368,23.52,573
26,26365,3,和束町,3956,64.93,1445
26,26366,3,精華町,36376,25.68,12775
26,26367,3,南山城村,2652,64.11,1068
26,26407,3,京丹波町,14453,303.09,5448
26,26463,3,伊根町,2110,61.95,873
26,26465,3,与謝野町,21834,108.38,8140
27,27100,1,大阪市,2691185,225.21,1354793
27,27140,1,堺市,839310,149.82,350301
27,27202,2,岸和田市,194911,72.68,75247
27,27203,2,豊中市,395479,36.39,170325
27,27204,2,池田市,103069,22.14,45777
27,27205,2,吹田市,374468,36.09,168473
27,27206,2,泉大津市,75897,14.31,31090
27,27207,2,高槻市,351829,105.29,148048
27,27208,2,貝塚市,88694,43.93,33355
27,27209,2,守口市,143042,12.71,64832
27,27210,2,枚方市,404152,65.12,167418
27,27211,2,茨木市,280033,76.49,116683
27,27212,2,八尾市,268800,41.72,110414
27,27213,2,泉佐野市,100966,56.51,41566
27,27214,2,富田林市,113984,39.72,45613
27,27215,2,寝屋川市,237518,24.70,101549
27,27216,2,河内長野市,106987,109.63,42144
27,27217,2,松原市,120750,16.66,49958
27,27218,2,大東市,123217,18.27,51949
27,27219,2,和泉市,186109,84.98,71013
27,27220,2,箕面市,133411,47.90,56829
27,27221,2,柏原市,71112,25.33,29009
27,27222,2,羽曳野市,112683,26.45,44126
27,27223,2,門真市,123576,12.30,55825
27,27224,2,摂津市,85007,14.87,36873
27,27225,2,高石市,56529,11.30,22461
27,27226,2,藤井寺市,65438,8.89,27133
27,27227,2,東大阪市,502784,61.78,223485
27,27228,2,泉南市,62438,48.98,22800
27,27229,2,四條畷市,56075,18.69,22089
27,27230,2,交野市,76435,25.55,28923
27,27231,2,大阪狭山市,57792,11.92,22982
27,27232,2,阪南市,54276,36.17,20710
27,27301,3,島本町,29983,16.81,12012
27,27321,3,豊能町,19934,34.34,7760
27,27322,3,能勢町,10256,98.75,3717
27,27341,3,忠岡町,17298,3.97,6726
27,27361,3,熊取町,44435,17.24,16483
27,27362,3,田尻町,8417,5.62,3772
27,27366,3,岬町,15938,49.18,6407
27,27381,3,太子町,13748,14.17,5066
27,27382,3,河南町,16126,25.26,6115
27,27383,3,千早赤阪村,5378,37.30,2036
28,28100,1,神戸市,1537272,557.02,705459
28,28201,2,姫路市,535664,534.47,212801
28,28202,2,尼崎市,452563,50.72,210433
28,28203,2,明石市,293409,49.42,121890
28,28204,2,西宮市,487850,99.96,210965
28,28205,2,洲本市,44258,182.38,18081
28,28206,2,芦屋市,95350,18.47,41881
28,28207,2,伊丹市,196883,25.00,78903
28,28208,2,相生市,30129,90.40,12153
28,28209,2,豊岡市,82250,697.55,30189
28,28210,2,加古川市,267435,138.48,103495
28,28212,2,赤穂市,48567,126.86,18729
28,28213,2,西脇市,40866,132.44,15049
28,28214,2,宝塚市,224903,101.80,94140
28,28215,2,三木市,77178,176.51,28653
28,28216,2,高砂市,91030,34.38,36340
28,28217,2,川西市,156375,53.44,62675
28,28218,2,小野市,48580,92.94,16860
28,28219,2,三田市,112691,210.32,41070
28,28220,2,加西市,44313,150.98,15364
28,28221,2,篠山市,41490,377.59,15578
28,28222,2,養父市,24288,422.91,8713
28,28223,2,丹波市,64660,493.21,22553
28,28224,2,南あわじ市,46912,229.01,16968
28,28225,2,朝来市,30805,403.06,11500
28,28226,2,淡路市,43977,184.35,17451
28,28227,2,宍粟市,37773,658.54,12723
28,28228,2,加東市,40310,157.55,15086
28,28229,2,たつの市,77419,210.87,27297
28,28301,3,猪名川町,30838,90.33,10780
28,28365,3,多可町,21200,185.19,6665
28,28381,3,稲美町,31020,34.92,11026
28,28382,3,播磨町,33739,9.13,13258
28,28442,3,市川町,12300,82.67,4334
28,28443,3,福崎町,19738,45.79,6906
28,28446,3,神河町,11452,202.23,3798
28,28464,3,太子町,33690,22.61,12092
28,28481,3,上郡町,15224,150.26,5715
28,28501,3,佐用町,17510,307.44,6108
28,28585,3,香美町,18070,368.77,6228
28,28586,3,新温泉町,14819,241.01,5291
29,29201,2,奈良市,360310,276.94,148920
29,29202,2,大和高田市,64817,16.48,25619
29,29203,2,大和郡山市,87050,42.69,34138
29,29204,2,天理市,67398,86.42,25810
29,29205,2,橿原市,124111,39.56,49923
29,29206,2,桜井市,57244,98.91,21672
29,29207,2,五條市,30997,292.02,11199
29,29208,2,御所市,26868,60.58,10415
29,29209,2,生駒市,118233,53.15,45593
29,29210,2,香芝市,77561,24.26,27802
29,29211,2,葛城市,36635,33.72,12544
29,29212,2,宇陀市,31105,247.50,11155
29,29322,3,山添村,3674,66.52,1144
29,29342,3,平群町,18883,23.90,7158
29,29343,3,三郷町,23571,8.79,9155
29,29344,3,斑鳩町,27303,14.27,10330
29,29345,3,安堵町,7443,4.31,2875
29,29361,3,川西町,8485,5.93,3248
29,29362,3,三宅町,6836,4.06,2629
29,29363,3,田原本町,31691,21.09,11463
29,29385,3,曽爾村,1549,47.76,622
29,29386,3,御杖村,1759,79.58,748
29,29401,3,高取町,7195,25.79,2396
29,29402,3,明日香村,5523,24.10,1779
29,29424,3,上牧町,22054,6.14,8085
29,29425,3,王寺町,23025,7.01,9347
29,29426,3,広陵町,33487,16.30,11012
29,29427,3,河合町,17941,8.23,6712
29,29441,3,吉野町,7399,95.65,2946
29,29442,3,大淀町,18069,38.10,6509
29,29443,3,下市町,5664,61.99,2232
29,29444,3,黒滝村,660,47.70,311
29,29446,3,天川村,1354,175.66,628
29,29447,3,野迫川村,449,154.90,227
29,29449,3,十津川村,3508,672.38,1578
29,29450,3,下北山村,895,133.39,517
29,29451,3,上北山村,512,274.22,270
29,29452,3,川上村,1313,269.26,680
29,29453,3,東吉野村,1745,131.65,830
30,30201,2,和歌山市,364154,208.84,153089
30,30202,2,海南市,51860,101.06,20678
30,30203,2,橋本市,63621,130.55,23653
30,30204,2,有田市,28470,36.89,10576
30,30205,2,御坊市,24801,43.91,9913
30,30206,2,田辺市,74770,1026.91,32163
30,30207,2,新宮市,29331,255.23,13617
30,30208,2,紀の川市,62616,228.21,23457
30,30209,2,岩出市,53452,38.51,20774
30,30304,3,紀美野町,9206,128.34,3762
30,30341,3,かつらぎ町,16992,151.69,6315
30,30343,3,九度山町,4377,44.15,1649
30,30344,3,高野町,3352,137.03,1468
30,30361,3,湯浅町,12200,20.79,4755
30,30362,3,広川町,7224,65.33,2503
30,30366,3,有田川町,26361,351.84,9426
30,30381,3,美浜町,7480,12.77,2964
30,30382,3,日高町,7641,46.19,2782
30,30383,3,由良町,5837,30.94,2223
30,30390,3,印南町,8068,113.62,2918
30,30391,3,みなべ町,12742,120.28,4421
30,30392,3,日高川町,9776,331.59,3650
30,30401,3,白浜町,21533,200.96,9538
30,30404,3,上富田町,14989,57.37,6017
30,30406,3,すさみ町,4127,174.46,1927
30,30421,3,那智勝浦町,15682,183.31,7296
30,30422,3,太地町,3087,5.81,1384
30,30424,3,古座川町,2826,294.23,1378
30,30427,3,北山村,446,48.20,239
30,30428,3,串本町,16558,135.67,7797
31,31201,2,鳥取市,193717,765.31,75941
31,31202,2,米子市,149313,132.42,60037
31,31203,2,倉吉市,49044,272.06,18548
31,31204,2,境港市,34174,29.02,13094
31,31302,3,岩美町,11485,122.32,3993
31,31325,3,若桜町,3269,199.18,1271
31,31328,3,智頭町,7154,224.70,2487
31,31329,3,八頭町,16985,206.71,5359
31,31364,3,三朝町,6490,233.52,2290
31,31370,3,湯梨浜町,16550,77.94,5482
31,31371,3,琴浦町,17416,139.97,5795
31,31372,3,北栄町,14820,56.94,4813
31,31384,3,日吉津村,3439,4.20,1144
31,31386,3,大山町,16470,189.83,5300
31,31389,3,南部町,10950,114.03,3514
31,31390,3,伯耆町,11118,139.44,3604
31,31401,3,日南町,4765,340.96,1933
31,31402,3,日野町,3278,133.98,1279
31,31403,3,江府町,3004,124.52,1010
32,32201,2,松江市,206230,572.99,83031
32,32202,2,浜田市,58105,690.66,24498
32,32203,2,出雲市,171938,624.36,60130
32,32204,2,益田市,47718,733.19,19037
32,32205,2,大田市,35166,435.71,13613
32,32206,2,安来市,39528,420.93,12805
32,32207,2,江津市,24468,268.24,10123
32,32209,2,雲南市,39032,553.18,12527
32,32343,3,奥出雲町,13063,368.01,4464
32,32386,3,飯南町,5031,242.88,1842
32,32441,3,川本町,3442,106.43,1457
32,32448,3,美郷町,4900,282.92,2010
32,32449,3,邑南町,11101,419.29,4224
32,32501,3,津和野町,7653,307.03,3300
32,32505,3,吉賀町,6374,336.50,2810
32,32525,3,海士町,2353,33.43,1057
32,32526,3,西ノ島町,3027,55.96,1499
32,32527,3,知夫村,615,13.70,331
32,32528,3,隠岐の島町,14608,242.83,6250
33,33100,1,岡山市,719474,789.96,309409
33,33202,2,倉敷市,477118,355.63,189847
33,33203,2,津山市,103746,506.33,40303
33,33204,2,玉野市,60736,103.58,24764
33,33205,2,笠岡市,50568,136.39,19189
33,33207,2,井原市,41390,243.54,14914
33,33208,2,総社市,66855,211.90,24863
33,33209,2,高梁市,32075,546.99,13481
33,33210,2,新見市,30658,793.29,11648
33,33211,2,備前市,35179,258.17,13878
33,33212,2,瀬戸内市,36975,125.45,13839
33,33213,2,赤磐市,43214,209.36,15730
33,33214,2,真庭市,46124,828.53,16084
33,33215,2,美作市,27977,429.29,10881
33,33216,2,浅口市,34235,66.46,12463
33,33346,3,和気町,14412,144.21,5236
33,33423,3,早島町,12154,7.62,4349
33,33445,3,里庄町,10929,12.23,4027
33,33461,3,矢掛町,14201,90.62,4955
33,33586,3,新庄村,866,67.11,330
33,33606,3,鏡野町,12847,419.68,4669
33,33622,3,勝央町,11125,54.05,4054
33,33623,3,奈義町,5906,69.52,1978
33,33643,3,西粟倉村,1472,57.97,561
33,33663,3,久米南町,4907,78.65,1893
33,33666,3,美咲町,14432,232.17,5258
33,33681,3,吉備中央町,11950,268.78,4374
34,34100,1,広島市,1194034,906.53,531605
34,34202,2,呉市,228552,352.80,97412
34,34203,2,竹原市,26426,118.23,11204
34,34204,2,三原市,96194,471.55,39888
34,34205,2,尾道市,138626,285.09,57759
34,34207,2,福山市,464811,518.14,185555
34,34208,2,府中市,40069,195.75,15039
34,34209,2,三次市,53615,778.14,21376
34,34210,2,庄原市,37000,1246.49,14455
34,34211,2,大竹市,27865,78.66,11749
34,34212,2,東広島市,192907,635.16,84847
34,34213,2,廿日市市,114906,489.48,46039
34,34214,2,安芸高田市,29488,537.75,11657
34,34215,2,江田島市,24339,100.70,10741
34,34302,3,府中町,51053,10.41,21109
34,34304,3,海田町,28667,13.79,12246
34,34307,3,熊野町,23755,33.76,9430
34,34309,3,坂町,12747,15.69,5132
34,34368,3,安芸太田町,6472,341.89,2781
34,34369,3,北広島町,18918,646.20,7728
34,34431,3,大崎上島町,7992,43.11,3898
34,34462,3,世羅町,16337,278.14,6242
34,34545,3,神石高原町,9217,381.98,3533
35,35201,2,下関市,268517,715.89,116298
35,35202,2,宇部市,169429,286.65,73225
35,35203,2,山口市,197422,1023.23,84994
35,35204,2,萩市,49560,698.31,21620
35,35206,2,防府市,115942,189.37,47573
35,35207,2,下松市,55812,89.35,23757
35,35208,2,岩国市,136757,873.72,59080
35,35210,2,光市,51369,92.13,20953
35,35211,2,長門市,35439,357.29,14666
35,35212,2,柳井市,32945,140.05,14170
35,35213,2,美祢市,26159,472.64,10095
35,35215,2,周南市,144842,656.29,61999
35,35216,2,山陽小野田市,62671,133.09,25740
35,35305,3,周防大島町,17199,138.09,8038
35,35321,3,和木町,6285,10.58,2593
35,35341,3,上関町,2803,34.69,1459
35,35343,3,田布施町,15317,50.42,6131
35,35344,3,平生町,12798,34.58,4951
35,35502,3,阿武町,3463,115.95,1492
36,36201,2,徳島市,258554,191.25,115015
36,36202,2,鳴門市,59101,135.66,23234
36,36203,2,小松島市,38755,45.37,15233
36,36204,2,阿南市,73019,279.25,27193
36,36205,2,吉野川市,41466,144.14,15714
36,36206,2,阿波市,37202,191.11,13108
36,36207,2,美馬市,30501,367.14,11440
36,36208,2,三好市,26836,721.42,11311
36,36301,3,勝浦町,5301,69.83,1860
36,36302,3,上勝町,1545,109.63,732
36,36321,3,佐那河内村,2289,42.28,793
36,36341,3,石井町,25590,28.85,9327
36,36342,3,神山町,5300,173.30,2156
36,36368,3,那賀町,8402,694.98,3481
36,36383,3,牟岐町,4259,56.62,1871
36,36387,3,美波町,7092,140.80,2901
36,36388,3,海陽町,9283,327.65,4198
36,36401,3,松茂町,15204,14.24,5881
36,36402,3,北島町,22446,8.74,8824
36,36403,3,藍住町,34626,16.27,13133
36,36404,3,板野町,13358,36.22,4930
36,36405,3,上板町,12039,34.58,4256
36,36468,3,つるぎ町,8927,194.84,3838
36,36489,3,東みよし町,14638,122.48,5325
37,37201,2,高松市,420748,375.41,182047
37,37202,2,丸亀市,110010,111.78,43853
37,37203,2,坂出市,53164,92.49,21361
37,37204,2,善通寺市,32927,39.93,12977
37,37205,2,観音寺市,59409,117.84,21984
37,37206,2,さぬき市,50272,158.63,19752
37,37207,2,東かがわ市,31031,152.83,12441
37,37208,2,三豊市,65524,222.71,22761
37,37322,3,土庄町,14002,74.37,6061
37,37324,3,小豆島町,14862,95.59,6411
37,37341,3,三木町,27684,75.78,10667
37,37364,3,直島町,3139,14.22,1519
37,37386,3,宇多津町,18952,8.10,8465
37,37387,3,綾川町,23610,109.75,8548
37,37403,3,琴平町,9186,8.47,3708
37,37404,3,多度津町,23366,24.38,9551
37,37406,3,まんのう町,18377,194.45,6445
38,38201,2,松山市,514865,429.37,230509
38,38202,2,今治市,158114,419.13,67105
38,38203,2,宇和島市,77465,468.16,32732
38,38204,2,八幡浜市,34951,132.68,14995
38,38205,2,新居浜市,119903,234.46,50653
38,38206,2,西条市,108174,509.98,44595
38,38207,2,大洲市,44086,432.22,18057
38,38210,2,伊予市,36827,194.44,14003
38,38213,2,四国中央市,87413,421.24,34999
38,38214,2,西予市,38919,514.34,16365
38,38215,2,東温市,34613,211.30,13978
38,38356,3,上島町,7135,30.38,3386
38,38386,3,久万高原町,8447,583.69,4052
38,38401,3,松前町,30064,20.41,11525
38,38402,3,砥部町,21239,101.59,8356
38,38422,3,内子町,16742,299.43,6475
38,38442,3,伊方町,9626,93.98,4488
38,38484,3,松野町,4072,98.45,1675
38,38488,3,鬼北町,10705,241.88,4614
38,38506,3,愛南町,21902,238.99,9410
39,39201,2,高知市,337190,308.99,153594
39,39202,2,室戸市,13524,248.18,6512
39,39203,2,安芸市,17577,317.21,7604
39,39204,2,南国市,47982,125.30,19481
39,39205,2,土佐市,27038,91.49,10255
39,39206,2,須崎市,22606,135.44,9121
39,39208,2,宿毛市,20907,286.19,8925
39,39209,2,土佐清水市,13778,266.34,6586
39,39210,2,四万十市,34313,632.29,14771
39,39211,2,香南市,32961,126.48,12953
39,39212,2,香美市,27513,537.86,11979
39,39301,3,東洋町,2584,74.06,1382
39,39302,3,奈半利町,3326,28.36,1474
39,39303,3,田野町,2733,6.53,1188
39,39304,3,安田町,2631,52.36,1146
39,39305,3,北川村,1294,196.73,582
39,39306,3,馬路村,823,165.48,391
39,39307,3,芸西村,3858,39.60,1488
39,39341,3,本山町,3573,134.22,1688
39,39344,3,大豊町,3962,315.06,2050
39,39363,3,土佐町,3997,212.13,1734
39,39364,3,大川村,396,95.27,210
39,39386,3,いの町,22767,470.97,9198
39,39387,3,仁淀川町,5551,333.00,2778
39,39401,3,中土佐町,6840,193.28,2916
39,39402,3,佐川町,13114,100.80,5237
39,39403,3,越知町,5795,111.95,2518
39,39405,3,檮原町,3608,236.45,1560
39,39410,3,日高村,5030,44.85,1968
39,39411,3,津野町,5794,197.85,2297
39,39412,3,四万十町,17325,642.30,7454
39,39424,3,大月町,5095,102.94,2369
39,39427,3,三原村,1574,85.37,703
39,39428,3,黒潮町,11217,188.59,4899
40,40100,1,北九州市,961286,491.95,426325
40,40130,1,福岡市,1538681,343.39,764820
40,40202,2,大牟田市,117360,81.45,49398
40,40203,2,久留米市,304552,229.96,121913
40,40204,2,直方市,57146,61.76,23281
40,40205,2,飯塚市,129146,214.07,54732
40,40206,2,田川市,48441,54.55,20955
40,40207,2,柳川市,67777,77.15,23453
40,40210,2,八女市,64408,482.44,22109
40,40211,2,筑後市,48339,41.78,17379
40,40212,2,大川市,34838,33.62,12709
40,40213,2,行橋市,70586,70.05,28648
40,40214,2,豊前市,25940,111.10,10070
40,40215,2,中間市,41796,15.96,17414
40,40216,2,小郡市,57983,45.51,20964
40,40217,2,筑紫野市,101081,87.73,39350
40,40218,2,春日市,110743,14.15,43720
40,40219,2,大野城市,99525,26.89,39885
40,40220,2,宗像市,96516,119.91,38995
40,40221,2,太宰府市,72168,29.60,29107
40,40223,2,古賀市,57959,42.07,22320
40,40224,2,福津市,58781,52.76,22272
40,40225,2,うきは市,29509,117.46,9940
40,40226,2,宮若市,28112,139.99,10737
40,40227,2,嘉麻市,38743,135.11,15637
40,40228,2,朝倉市,52444,246.71,19088
40,40229,2,みやま市,38139,105.21,12941
40,40230,2,糸島市,96475,215.70,34739
40,40305,3,那珂川町,50004,74.95,18291
40,40341,3,宇美町,37927,30.21,13119
40,40342,3,篠栗町,31210,38.93,11539
40,40343,3,志免町,45256,8.69,17591
40,40344,3,須恵町,27263,16.31,9919
40,40345,3,新宮町,30344,18.93,10946
40,40348,3,久山町,8225,37.44,2825
40,40349,3,粕屋町,45360,14.13,18005
40,40381,3,芦屋町,14208,11.60,5573
40,40382,3,水巻町,28997,11.01,12220
40,40383,3,岡垣町,31580,48.64,11784
40,40384,3,遠賀町,18877,22.15,7269
40,40401,3,小竹町,7810,14.18,3331
40,40402,3,鞍手町,16007,35.60,6393
40,40421,3,桂川町,13496,20.14,5226
40,40447,3,筑前町,29306,67.10,9767
40,40448,3,東峰村,2174,51.97,742
40,40503,3,大刀洗町,15138,22.84,5008
40,40522,3,大木町,14176,18.44,4556
40,40544,3,広川町,20183,37.94,7007
40,40601,3,香春町,10861,44.50,4429
40,40602,3,添田町,9924,132.20,4029
40,40604,3,糸田町,9020,8.04,3814
40,40605,3,川崎町,16789,36.14,7349
40,40608,3,大任町,5176,14.26,2052
40,40609,3,赤村,3022,31.98,1127
40,40610,3,福智町,22871,42.06,8727
40,40621,3,苅田町,34963,48.88,15341
40,40625,3,みやこ町,20243,151.34,7527
40,40642,3,吉富町,6627,5.72,2589
40,40646,3,上毛町,7458,62.44,2791
40,40647,3,築上町,18587,119.61,7250
41,41201,2,佐賀市,236372,431.84,93306
41,41202,2,唐津市,122785,487.58,43872
41,41203,2,鳥栖市,72902,71.72,27630
41,41204,2,多久市,19749,96.96,6847
41,41205,2,伊万里市,55238,255.25,19698
41,41206,2,武雄市,49062,195.40,16932
41,41207,2,鹿島市,29684,112.12,10124
41,41208,2,小城市,44259,95.81,14769
41,41209,2,嬉野市,27336,126.41,9214
41,41210,2,神埼市,31842,125.13,10913
41,41327,3,吉野ヶ里町,16411,43.99,5891
41,41341,3,基山町,17501,22.15,6321
41,41345,3,上峰町,9283,12.80,3260
41,41346,3,みやき町,25278,51.92,8638
41,41387,3,玄海町,5902,35.92,1918
41,41401,3,有田町,20148,65.85,6900
41,41423,3,大町町,6777,11.50,2560
41,41424,3,江北町,9583,24.49,3225
41,41425,3,白石町,23941,99.56,7253
41,41441,3,太良町,8779,74.30,2838
42,42201,2,長崎市,429508,405.86,189419
42,42202,2,佐世保市,255439,426.06,105011
42,42203,2,島原市,45436,82.97,17068
42,42204,2,諫早市,138078,341.79,51897
42,42205,2,大村市,92757,126.62,36070
42,42207,2,平戸市,31920,235.08,12421
42,42208,2,松浦市,23309,130.55,8994
42,42209,2,対馬市,31457,708.63,13393
42,42210,2,壱岐市,27103,139.42,10002
42,42211,2,五島市,37327,420.05,17425
42,42212,2,西海市,28691,241.59,11494
42,42213,2,雲仙市,44115,214.31,15376
42,42214,2,南島原市,46535,170.11,16664
42,42307,3,長与町,42548,28.73,16237
42,42308,3,時津町,29804,20.94,11137
42,42321,3,東彼杵町,8298,74.29,2744
42,42322,3,川棚町,14067,37.35,5103
42,42323,3,波佐見町,14891,56.00,4957
42,42383,3,小値賀町,2560,25.53,1210
42,42391,3,佐々町,13626,32.27,5102
42,42411,3,新上五島町,19718,213.94,8996
43,43100,1,熊本市,740822,390.32,315456
43,43202,2,八代市,127472,681.36,47972
43,43203,2,人吉市,33880,210.55,13849
43,43204,2,荒尾市,53407,57.37,20910
43,43205,2,水俣市,25411,163.29,10639
43,43206,2,玉名市,66782,152.60,24474
43,43208,2,山鹿市,52264,299.69,19145
43,43210,2,菊池市,48167,276.85,16949
43,43211,2,宇土市,37026,74.30,13285
43,43212,2,上天草市,27006,126.91,10477
43,43213,2,宇城市,59756,188.61,21432
43,43214,2,阿蘇市,27018,376.30,10078
43,43215,2,天草市,82739,683.78,33224
43,43216,2,合志市,58370,53.19,20560
43,43348,3,美里町,10333,144.00,3611
43,43364,3,玉東町,5265,24.33,1825
43,43367,3,南関町,9786,68.92,3560
43,43368,3,長洲町,15889,19.43,6139
43,43369,3,和水町,10191,98.78,3512
43,43403,3,大津町,33452,99.10,12705
43,43404,3,菊陽町,40984,37.46,15950
43,43423,3,南小国町,4048,115.90,1642
43,43424,3,小国町,7187,136.94,2805
43,43425,3,産山村,1510,60.81,526
43,43428,3,高森町,6325,175.06,2463
43,43432,3,西原村,6802,77.22,2341
43,43433,3,南阿蘇村,11503,137.32,4676
43,43441,3,御船町,17237,99.03,6317
43,43442,3,嘉島町,9054,16.65,3170
43,43443,3,益城町,33611,65.68,11477
43,43444,3,甲佐町,10717,57.93,3710
43,43447,3,山都町,15149,544.67,5594
43,43468,3,氷川町,11994,33.36,3878
43,43482,3,芦北町,17661,233.98,6481
43,43484,3,津奈木町,4673,34.09,1744
43,43501,3,錦町,10766,85.04,3641
43,43505,3,多良木町,9791,165.86,3537
43,43506,3,湯前町,3985,48.37,1479
43,43507,3,水上村,2232,190.96,822
43,43510,3,相良村,4468,94.54,1504
43,43511,3,五木村,1055,252.92,461
43,43512,3,山江村,3422,121.19,1149
43,43513,3,球磨村,3698,207.58,1368
43,43514,3,あさぎり町,15523,159.56,5298
43,43531,3,苓北町,7739,67.57,2895
44,44201,2,大分市,478146,502.39,203515
44,44202,2,別府市,122138,125.34,55624
44,44203,2,中津市,83965,491.53,35785
44,44204,2,日田市,66523,666.03,25238
44,44205,2,佐伯市,72211,903.11,29574
44,44206,2,臼杵市,38748,291.20,15077
44,44207,2,津久見市,17969,79.48,7518
44,44208,2,竹田市,22332,477.53,9100
44,44209,2,豊後高田市,22853,206.24,9572
44,44210,2,杵築市,30185,280.08,12084
44,44211,2,宇佐市,56258,439.05,22524
44,44212,2,豊後大野市,36584,603.14,14326
44,44213,2,由布市,34262,319.32,13291
44,44214,2,国東市,28647,318.08,12112
44,44322,3,姫島村,1991,6.98,879
44,44341,3,日出町,28058,73.32,10855
44,44461,3,九重町,9645,271.37,3473
44,44462,3,玖珠町,15823,286.51,5988
45,45201,2,宮崎市,401138,643.67,175408
45,45202,2,都城市,165029,653.36,69965
45,45203,2,延岡市,125159,868.02,51751
45,45204,2,日南市,54090,536.11,22678
45,45205,2,小林市,46221,562.95,19498
45,45206,2,日向市,61761,336.93,24815
45,45207,2,串間市,18779,295.16,7952
45,45208,2,西都市,30683,438.79,12004
45,45209,2,えびの市,19538,282.93,8568
45,45341,3,三股町,25404,110.02,9967
45,45361,3,高原町,9300,85.39,3914
45,45382,3,国富町,19606,130.63,7606
45,45383,3,綾町,7345,95.19,2915
45,45401,3,高鍋町,21025,43.80,8678
45,45402,3,新富町,17373,61.53,6376
45,45403,3,西米良村,1089,271.51,509
45,45404,3,木城町,5231,145.96,1958
45,45405,3,川南町,16109,90.12,5936
45,45406,3,都農町,10391,102.11,3940
45,45421,3,門川町,18183,120.51,6824
45,45429,3,諸塚村,1739,187.56,688
45,45430,3,椎葉村,2808,537.29,1128
45,45431,3,美郷町,5480,448.84,2332
45,45441,3,高千穂町,12755,237.54,4678
45,45442,3,日之影町,3946,277.67,1493
45,45443,3,五ヶ瀬町,3887,171.73,1277
46,46201,2,鹿児島市,599814,547.55,270269
46,46203,2,鹿屋市,103608,448.15,44911
46,46204,2,枕崎市,22046,74.78,10062
46,46206,2,阿久根市,21198,134.29,9196
46,46208,2,出水市,53758,329.98,22508
46,46210,2,指宿市,41831,148.84,18509
46,46213,2,西之表市,15967,205.66,7368
46,46214,2,垂水市,15520,162.12,6988
46,46215,2,薩摩川内市,96076,682.92,40686
46,46216,2,日置市,49249,253.01,19649
46,46217,2,曽於市,36557,390.11,16134
46,46218,2,霧島市,125857,603.18,54334
46,46219,2,いちき串木野市,29282,112.30,12159
46,46220,2,南さつま市,35439,283.59,15361
46,46221,2,志布志市,31479,290.28,13869
46,46222,2,奄美市,43156,308.27,19627
46,46223,2,南九州市,36352,357.91,15349
46,46224,2,伊佐市,26810,392.56,12110
46,46225,2,姶良市,75173,231.25,31435
46,46303,3,三島村,407,31.40,223
46,46304,3,十島村,756,101.14,427
46,46392,3,さつま町,22400,303.90,9690
46,46404,3,長島町,10431,116.13,4137
46,46452,3,湧水町,10327,144.29,4323
46,46468,3,大崎町,13241,100.67,6074
46,46482,3,東串良町,6530,27.78,2826
46,46490,3,錦江町,7923,163.19,3442
46,46491,3,南大隅町,7542,213.57,3559
46,46492,3,肝付町,15664,308.10,6974
46,46501,3,中種子町,8135,137.18,3741
46,46502,3,南種子町,5745,110.36,2727
46,46505,3,屋久島町,12913,540.48,6133
46,46523,3,大和村,1530,88.26,709
46,46524,3,宇検村,1722,103.07,866
46,46525,3,瀬戸内町,9042,239.65,4413
46,46527,3,龍郷町,5806,81.82,2414
46,46529,3,喜界町,7212,56.82,3363
46,46530,3,徳之島町,11160,104.92,4960
46,46531,3,天城町,5975,80.40,2623
46,46532,3,伊仙町,6362,62.71,2885
46,46533,3,和泊町,6783,40.39,2909
46,46534,3,知名町,6213,53.30,2692
46,46535,3,与論町,5186,20.58,2056
47,47201,2,那覇市,319435,39.57,135532
47,47205,2,宜野湾市,96243,19.80,39333
47,47207,2,石垣市,47564,229.34,20514
47,47208,2,浦添市,114232,19.48,44041
47,47209,2,名護市,61674,210.90,26142
47,47210,2,糸満市,58547,46.62,20647
47,47211,2,沖縄市,139279,49.72,53325
47,47212,2,豊見城市,61119,19.60,21780
47,47213,2,うるま市,118898,87.01,42378
47,47214,2,宮古島市,51186,204.20,21977
47,47215,2,南城市,42016,49.94,14295
47,47301,3,国頭村,4908,194.80,2061
47,47302,3,大宜味村,3060,63.55,1262
47,47303,3,東村,1720,81.88,748
47,47306,3,今帰仁村,9531,39.93,3490
47,47308,3,本部町,13536,54.35,5237
47,47311,3,恩納村,10652,50.82,4065
47,47313,3,宜野座村,5597,31.30,2003
47,47314,3,金武町,11232,37.84,4611
47,47315,3,伊江村,4260,22.78,1917
47,47324,3,読谷村,39504,35.28,13658
47,47325,3,嘉手納町,13685,15.12,5069
47,47326,3,北谷町,28308,13.93,10724
47,47327,3,北中城村,16148,11.54,5541
47,47328,3,中城村,19454,15.53,7209
47,47329,3,西原町,34508,15.90,12641
47,47348,3,与那原町,18410,5.18,7003
47,47350,3,南風原町,37502,10.76,12763
47,47353,3,渡嘉敷村,730,19.23,417
47,47354,3,座間味村,870,16.74,453
47,47355,3,粟国村,759,7.65,429
47,47356,3,渡名喜村,430,3.87,267
47,47357,3,南大東村,1329,30.53,686
47,47358,3,北大東村,629,13.09,333
47,47359,3,伊平屋村,1238,21.82,516
47,47360,3,伊是名村,1517,15.42,695
47,47361,3,久米島町,7755,63.65,3365
47,47362,3,八重瀬町,29066,26.96,9625
47,47375,3,多良間村,1194,21.99,470
47,47381,3,竹富町,3998,334.39,2122
47,47382,3,与那国町,1843,28.96,1080
